id,agency_name,agency_email,agency_phone,agency_address
1,"Skylink Globetrotters",info@globetrotters.com,+1 123-456-7890,"1234 Globetrotter St, New York, NY"
2,"Conquest Voyages",support@conquestv.com,+1 123-456-7891,"5678 Conquest Blvd, Los Angeles, CA"
3,"Frontier Finder",contact@frontier-finder.com,+1 123-456-7892,"9101 Frontier Rd, Chicago, IL"
4,"TravelBea",sales@travelbea.co,+1 123-456-7893,"1112 Travel Way, Houston, TX"
5,"Barefoot Adventures",help@barefoot.com,+1 123-456-7894,"1314 Adventure Ave, Phoenix, AZ"
6,"Restore Holidays",support@restore-holidays.com,+1 123-456-7895,"1516 Restore Blvd, Philadelphia, PA"
7,"Nomadology",info@nomadology.co,+1 123-456-7896,"1718 Nomad Ln, San Antonio, TX"
8,"Carefree Cruises",bookings@carefrees.com,+1 123-456-7897,"1920 Cruise Blvd, San Diego, CA"
9,"Platinum Gateway",contact@platigate.com,+1 123-456-7898,"2122 Gateway St, Dallas, TX"
10,"Eden Voyages",help@eden.co,+1 123-456-7899,"2324 Eden Rd, San Jose, CA"
11,"Aurora Treks",support@aurora.com,+1 123-456-7880,"2526 Aurora Ln, Austin, TX"
12,"Finding Paradise",info@find-paradise.com,+1 123-456-7879,"2728 Paradise Blvd, Jacksonville, FL"
13,"Destination Luxury",contact@destination.co,+1 123-456-7878,"2930 Destination Dr, San Francisco, CA"
14,"Restful Trips",support@restful-trips.com,+1 123-456-7877,"3132 Restful Rd, Columbus, OH"
15,"Amity Expeditions",book@amity.com,+1 123-456-7876,"3334 Amity St, Fort Worth, TX"
16,"Exploraholic",info@exploraholic.co,+1 123-456-7875,"3536 Explore Blvd, Indianapolis, IN"
17,"Budget Wonders",help@budget-wonders.com,+1 123-456-7874,"3738 Budget Ln, Charlotte, NC"
18,"Talisman Trips",support@talisman.co,+1 123-456-7873,"3940 Talisman Rd, Seattle, WA"
19,"Dreamscape Direct",book@dreamscape-direct.com,+1 123-456-7872,"4142 Dream St, Denver, CO"
20,"LoveTravel Holidays",info@lovetravel.com,+1 123-456-7871,"4344 Love Blvd, Washington, DC"
21,"Tall Tale Travels",support@tall-tale.com,+1 123-456-7870,"4546 Tale Rd, Boston, MA"
22,"Wayfaring Wanderer",help@wayfaring.com,+1 123-456-7869,"4748 Wanderer Ln, Nashville, TN"
23,"Takeoff Treks",contact@takeoff.co,+1 123-456-7868,"4950 Takeoff Blvd, Detroit, MI"
24,"Tranquil Treks",support@tranquil.com,+1 123-456-7867,"5152 Tranquil Rd, Portland, OR"
25,"Tempest Trips",book@tempest.com,+1 123-456-7866,"5354 Tempest St, Las Vegas, NV"
